[{"@type":"customFunc","id":"@1","name":"mplt_calculate_date_dim_using_jtx","description":"Cloud mapping with java transformation to create date attributes","mappletName":"mplt_date_dimension","active":true,"mappletXmlFile":"mplt_date_dimension.XML","category":"POWERCENTER_MAPPLET","inputs":[{"@type":"field","id":117009993,"name":"IN_FromDate","type":"string","uniqueName":"IN_FromDate","label":"IN_FromDate","parentObject":"mplt_calculate_date_dim_using_jtx","precision":30,"scale":0,"columnIndex":-1,"isKey":false,"isWaterMarkKey":false,"isExternalId":false,"isSfIdLookup":false,"isNullable":true,"isUnique":false,"isCreateable":false,"isUpdateable":true,"isFilterable":true,"isCalculated":false,"showLabel":true,"naturalOrder":0,"linkedFields":[],"relatedInfos":[],"references":[]},{"@type":"field","id":117009994,"name":"IN_ToDate","type":"string","uniqueName":"IN_ToDate","label":"IN_ToDate","parentObject":"mplt_calculate_date_dim_using_jtx","precision":30,"scale":0,"columnIndex":-1,"isKey":false,"isWaterMarkKey":false,"isExternalId":false,"isSfIdLookup":false,"isNullable":true,"isUnique":false,"isCreateable":false,"isUpdateable":true,"isFilterable":true,"isCalculated":false,"showLabel":true,"naturalOrder":0,"linkedFields":[],"relatedInfos":[],"references":[]}],"outputs":[{"@type":"field","id":117009995,"name":"DATE_ID","type":"string","uniqueName":"DATE_ID","label":"DATE_ID","parentObject":"mplt_calculate_date_dim_using_jtx","precision":10,"scale":0,"columnIndex":-1,"isKey":false,"isWaterMarkKey":false,"isExternalId":false,"isSfIdLookup":false,"isNullable":true,"isUnique":false,"isCreateable":false,"isUpdateable":true,"isFilterable":true,"isCalculated":false,"showLabel":true,"naturalOrder":0,"linkedFields":[],"relatedInfos":[],"references":[]},{"@type":"field","id":117009996,"name":"JULIAN_DATE_NUM","type":"string","uniqueName":"JULIAN_DATE_NUM","label":"JULIAN_DATE_NUM","parentObject":"mplt_calculate_date_dim_using_jtx","precision":30,"scale":0,"columnIndex":-1,"isKey":false,"isWaterMarkKey":false,"isExternalId":false,"isSfIdLookup":false,"isNullable":true,"isUnique":false,"isCreateable":false,"isUpdateable":true,"isFilterable":true,"isCalculated":false,"showLabel":true,"naturalOrder":0,"linkedFields":[],"relatedInfos":[],"references":[]},{"@type":"field","id":117009997,"name":"DATE_DT","type":"date/time","uniqueName":"DATE_DT","label":"DATE_DT","parentObject":"mplt_calculate_date_dim_using_jtx","precision":29,"scale":9,"columnIndex":-1,"isKey":false,"isWaterMarkKey":false,"isExternalId":false,"isSfIdLookup":false,"isNullable":true,"isUnique":false,"isCreateable":false,"isUpdateable":true,"isFilterable":true,"isCalculated":false,"showLabel":true,"naturalOrder":0,"linkedFields":[],"relatedInfos":[],"references":[]},{"@type":"field","id":117009998,"name":"MONTH_DAY_NUM","type":"integer","uniqueName":"MONTH_DAY_NUM","label":"MONTH_DAY_NUM","parentObject":"mplt_calculate_date_dim_using_jtx","precision":10,"scale":0,"columnIndex":-1,"isKey":false,"isWaterMarkKey":false,"isExternalId":false,"isSfIdLookup":false,"isNullable":true,"isUnique":false,"isCreateable":false,"isUpdateable":true,"isFilterable":true,"isCalculated":false,"showLabel":true,"naturalOrder":0,"linkedFields":[],"relatedInfos":[],"references":[]},{"@type":"field","id":117009999,"name":"MONTH_NUM","type":"integer","uniqueName":"MONTH_NUM","label":"MONTH_NUM","parentObject":"mplt_calculate_date_dim_using_jtx","precision":10,"scale":0,"columnIndex":-1,"isKey":false,"isWaterMarkKey":false,"isExternalId":false,"isSfIdLookup":false,"isNullable":true,"isUnique":false,"isCreateable":false,"isUpdateable":true,"isFilterable":true,"isCalculated":false,"showLabel":true,"naturalOrder":0,"linkedFields":[],"relatedInfos":[],"references":[]},{"@type":"field","id":117010000,"name":"YEAR_NUM","type":"integer","uniqueName":"YEAR_NUM","label":"YEAR_NUM","parentObject":"mplt_calculate_date_dim_using_jtx","precision":10,"scale":0,"columnIndex":-1,"isKey":false,"isWaterMarkKey":false,"isExternalId":false,"isSfIdLookup":false,"isNullable":true,"isUnique":false,"isCreateable":false,"isUpdateable":true,"isFilterable":true,"isCalculated":false,"showLabel":true,"naturalOrder":0,"linkedFields":[],"relatedInfos":[],"references":[]},{"@type":"field","id":117010001,"name":"WEEK_DAY_NUM","type":"integer","uniqueName":"WEEK_DAY_NUM","label":"WEEK_DAY_NUM","parentObject":"mplt_calculate_date_dim_using_jtx","precision":10,"scale":0,"columnIndex":-1,"isKey":false,"isWaterMarkKey":false,"isExternalId":false,"isSfIdLookup":false,"isNullable":true,"isUnique":false,"isCreateable":false,"isUpdateable":true,"isFilterable":true,"isCalculated":false,"showLabel":true,"naturalOrder":0,"linkedFields":[],"relatedInfos":[],"references":[]},{"@type":"field","id":117010002,"name":"WEEK_OF_MONTH","type":"integer","uniqueName":"WEEK_OF_MONTH","label":"WEEK_OF_MONTH","parentObject":"mplt_calculate_date_dim_using_jtx","precision":10,"scale":0,"columnIndex":-1,"isKey":false,"isWaterMarkKey":false,"isExternalId":false,"isSfIdLookup":false,"isNullable":true,"isUnique":false,"isCreateable":false,"isUpdateable":true,"isFilterable":true,"isCalculated":false,"showLabel":true,"naturalOrder":0,"linkedFields":[],"relatedInfos":[],"references":[]},{"@type":"field","id":117010003,"name":"WEEK_OF_YEAR_NUM","type":"integer","uniqueName":"WEEK_OF_YEAR_NUM","label":"WEEK_OF_YEAR_NUM","parentObject":"mplt_calculate_date_dim_using_jtx","precision":10,"scale":0,"columnIndex":-1,"isKey":false,"isWaterMarkKey":false,"isExternalId":false,"isSfIdLookup":false,"isNullable":true,"isUnique":false,"isCreateable":false,"isUpdateable":true,"isFilterable":true,"isCalculated":false,"showLabel":true,"naturalOrder":0,"linkedFields":[],"relatedInfos":[],"references":[]},{"@type":"field","id":117010004,"name":"YEAR_DAY_NUM","type":"integer","uniqueName":"YEAR_DAY_NUM","label":"YEAR_DAY_NUM","parentObject":"mplt_calculate_date_dim_using_jtx","precision":10,"scale":0,"columnIndex":-1,"isKey":false,"isWaterMarkKey":false,"isExternalId":false,"isSfIdLookup":false,"isNullable":true,"isUnique":false,"isCreateable":false,"isUpdateable":true,"isFilterable":true,"isCalculated":false,"showLabel":true,"naturalOrder":0,"linkedFields":[],"relatedInfos":[],"references":[]},{"@type":"field","id":117010005,"name":"WEEK_NAME_LONG_STR","type":"string","uniqueName":"WEEK_NAME_LONG_STR","label":"WEEK_NAME_LONG_STR","parentObject":"mplt_calculate_date_dim_using_jtx","precision":10,"scale":0,"columnIndex":-1,"isKey":false,"isWaterMarkKey":false,"isExternalId":false,"isSfIdLookup":false,"isNullable":true,"isUnique":false,"isCreateable":false,"isUpdateable":true,"isFilterable":true,"isCalculated":false,"showLabel":true,"naturalOrder":0,"linkedFields":[],"relatedInfos":[],"references":[]},{"@type":"field","id":117010006,"name":"WEEK_NAME_SHORT_STR","type":"string","uniqueName":"WEEK_NAME_SHORT_STR","label":"WEEK_NAME_SHORT_STR","parentObject":"mplt_calculate_date_dim_using_jtx","precision":10,"scale":0,"columnIndex":-1,"isKey":false,"isWaterMarkKey":false,"isExternalId":false,"isSfIdLookup":false,"isNullable":true,"isUnique":false,"isCreateable":false,"isUpdateable":true,"isFilterable":true,"isCalculated":false,"showLabel":true,"naturalOrder":0,"linkedFields":[],"relatedInfos":[],"references":[]},{"@type":"field","id":117010007,"name":"MONTH_NAME_LONG_STR","type":"nstring","uniqueName":"MONTH_NAME_LONG_STR","label":"MONTH_NAME_LONG_STR","parentObject":"mplt_calculate_date_dim_using_jtx","precision":10,"scale":0,"columnIndex":-1,"isKey":false,"isWaterMarkKey":false,"isExternalId":false,"isSfIdLookup":false,"isNullable":true,"isUnique":false,"isCreateable":false,"isUpdateable":true,"isFilterable":true,"isCalculated":false,"showLabel":true,"naturalOrder":0,"linkedFields":[],"relatedInfos":[],"references":[]},{"@type":"field","id":117010008,"name":"MONTH_NAME_SHORT_STR","type":"nstring","uniqueName":"MONTH_NAME_SHORT_STR","label":"MONTH_NAME_SHORT_STR","parentObject":"mplt_calculate_date_dim_using_jtx","precision":15,"scale":0,"columnIndex":-1,"isKey":false,"isWaterMarkKey":false,"isExternalId":false,"isSfIdLookup":false,"isNullable":true,"isUnique":false,"isCreateable":false,"isUpdateable":true,"isFilterable":true,"isCalculated":false,"showLabel":true,"naturalOrder":0,"linkedFields":[],"relatedInfos":[],"references":[]},{"@type":"field","id":117010009,"name":"IS_LEAP_YR_FLAG","type":"string","uniqueName":"IS_LEAP_YR_FLAG","label":"IS_LEAP_YR_FLAG","parentObject":"mplt_calculate_date_dim_using_jtx","precision":10,"scale":0,"columnIndex":-1,"isKey":false,"isWaterMarkKey":false,"isExternalId":false,"isSfIdLookup":false,"isNullable":true,"isUnique":false,"isCreateable":false,"isUpdateable":true,"isFilterable":true,"isCalculated":false,"showLabel":true,"naturalOrder":0,"linkedFields":[],"relatedInfos":[],"references":[]},{"@type":"field","id":117010010,"name":"IS_WEEK_DAY_FLAG","type":"string","uniqueName":"IS_WEEK_DAY_FLAG","label":"IS_WEEK_DAY_FLAG","parentObject":"mplt_calculate_date_dim_using_jtx","precision":10,"scale":0,"columnIndex":-1,"isKey":false,"isWaterMarkKey":false,"isExternalId":false,"isSfIdLookup":false,"isNullable":true,"isUnique":false,"isCreateable":false,"isUpdateable":true,"isFilterable":true,"isCalculated":false,"showLabel":true,"naturalOrder":0,"linkedFields":[],"relatedInfos":[],"references":[]},{"@type":"field","id":117010011,"name":"QUATER_STR","type":"string","uniqueName":"QUATER_STR","label":"QUATER_STR","parentObject":"mplt_calculate_date_dim_using_jtx","precision":10,"scale":0,"columnIndex":-1,"isKey":false,"isWaterMarkKey":false,"isExternalId":false,"isSfIdLookup":false,"isNullable":true,"isUnique":false,"isCreateable":false,"isUpdateable":true,"isFilterable":true,"isCalculated":false,"showLabel":true,"naturalOrder":0,"linkedFields":[],"relatedInfos":[],"references":[]}],"connections":[]}]