[{"@type":"mappingTemplate","id":"@1","name":"Mapping5","description":"","bundleVersion":"0","templateId":"@3","deployTime":1653324115000,"hasParameters":false,"valid":true,"fixedConnection":true,"hasParametersDeployed":false,"fixedConnectionDeployed":true,"tasks":1,"mappingPreviewFileRecordId":"@2","documentType":"MAPPING","references":[{"@type":"reference","refObjectId":"@e4TOy4SvSw9dxkv6iKKngz","refType":"connection"},{"@type":"reference","refObjectId":"@3PnkyR9e3h6k0AepCCeiwC","refType":"connection"}]}]