[{"@type":"mappingTemplate","id":"@1","name":"Mapping8","description":"","bundleVersion":"0","templateId":"@3","deployTime":1654271527000,"hasParameters":false,"valid":true,"fixedConnection":true,"hasParametersDeployed":false,"fixedConnectionDeployed":true,"tasks":0,"mappingPreviewFileRecordId":"@2","documentType":"MAPPING","references":[{"@type":"reference","refObjectId":"@e4TOy4SvSw9dxkv6iKKngz","refType":"connection"},{"@type":"reference","refObjectId":"@azRJ1JLoSM1dlIkVjYvxSz","refType":"connection"}]}]